model_name,accuracy,f1_weighted
rf,1.0,1.0
xgb,0.9992856122303186,0.9993144971412917
lstm,0.9975710815830833,0.9963580990791914
